{
  "dataset": {
    "documents": 9867,
    "evaluated_documents": 9740,
    "benchmark_subclasses": 342,
    "all_subclasses": 510,
    "assignment_coverage": 0.978246539222149,
    "document_coverage": 0.9871288132157697,
    "documents_with_all_labels_in_benchmark": 0.9664538360190534
  },
  "config": {
    "folds": 5,
    "validation_size": 0.15,
    "min_label_count": 5,
    "title_weight": 10,
    "ngram_min": 1,
    "ngram_max": 4,
    "max_features": 200000,
    "c": 4.0,
    "n_jobs": 4,
    "threshold_min": -1.0,
    "threshold_max": 0.5,
    "threshold_steps": 31,
    "max_samples": 0,
    "seed": 42
  },
  "environment": {
    "python": "3.12.13",
    "numpy": "2.5.1",
    "pandas": "3.0.3",
    "scikit-learn": "1.9.0",
    "iterative-stratification": "0.1.9"
  },
  "oof_metrics": {
    "benchmark_subclass_micro_precision": 0.45630714879468,
    "benchmark_subclass_micro_recall": 0.5380421465327125,
    "benchmark_subclass_micro_f1": 0.4938153603958169,
    "benchmark_subclass_macro_f1": 0.2977941619050928,
    "benchmark_subclass_samples_f1": 0.482377943183898,
    "benchmark_subclass_exact_match": 0.18429158110882957,
    "true_label_cardinality": 1.6759753593429159,
    "predicted_label_cardinality": 1.9761806981519507,
    "all_subclass_micro_precision": 0.45630714879468,
    "all_subclass_micro_recall": 0.5307269321409148,
    "all_subclass_micro_f1": 0.4907115121378886,
    "class_micro_precision": 0.5561967213114755,
    "class_micro_recall": 0.6092953092450255,
    "class_micro_f1": 0.581536457440609,
    "section_micro_precision": 0.7082886471579593,
    "section_micro_recall": 0.748663967611336,
    "section_micro_f1": 0.7279168634860651,
    "hierarchy_micro_precision": 0.5575159825033648,
    "hierarchy_micro_recall": 0.6191265763661841,
    "hierarchy_micro_f1": 0.5867082724737751
  },
  "fold_mean": {
    "benchmark_subclass_micro_precision": 0.4593301642597948,
    "benchmark_subclass_micro_recall": 0.538054607942112,
    "benchmark_subclass_micro_f1": 0.4940779705942697,
    "benchmark_subclass_macro_f1": 0.2832830614421787,
    "benchmark_subclass_samples_f1": 0.4823755904793338,
    "benchmark_subclass_exact_match": 0.18422349130830254,
    "true_label_cardinality": 1.6762046459767945,
    "predicted_label_cardinality": 1.976797151674305,
    "all_subclass_micro_precision": 0.4593301642597948,
    "all_subclass_micro_recall": 0.5307456151553609,
    "all_subclass_micro_f1": 0.49095480932525826,
    "class_micro_precision": 0.5588434539167417,
    "class_micro_recall": 0.6092566784948137,
    "class_micro_f1": 0.581687528261107,
    "section_micro_precision": 0.7096751818969016,
    "section_micro_recall": 0.7486672581988728,
    "section_micro_f1": 0.7280198948302272,
    "hierarchy_micro_precision": 0.5601290758378571,
    "hierarchy_micro_recall": 0.6191147702085965,
    "hierarchy_micro_f1": 0.5869341013965885
  },
  "fold_std": {
    "benchmark_subclass_micro_precision": 0.027394912478360428,
    "benchmark_subclass_micro_recall": 0.02903612289192556,
    "benchmark_subclass_micro_f1": 0.006684543595858212,
    "benchmark_subclass_macro_f1": 0.019146236897656165,
    "benchmark_subclass_samples_f1": 0.006277815223626734,
    "benchmark_subclass_exact_match": 0.023074141780033662,
    "true_label_cardinality": 0.02534085764768216,
    "predicted_label_cardinality": 0.23054883714474653,
    "all_subclass_micro_precision": 0.027394912478360428,
    "all_subclass_micro_recall": 0.028785751825448253,
    "all_subclass_micro_f1": 0.006466498869650864,
    "class_micro_precision": 0.02766595035942347,
    "class_micro_recall": 0.027957059167634853,
    "class_micro_f1": 0.00491585907192246,
    "section_micro_precision": 0.023896214108779738,
    "section_micro_recall": 0.021287043124479803,
    "section_micro_f1": 0.007289505495852185,
    "hierarchy_micro_precision": 0.02854464287941086,
    "hierarchy_micro_recall": 0.026203393276922837,
    "hierarchy_micro_f1": 0.00677984008189891
  }
}
