{
  "experiment": "TFIDF-SVM-C4-ngram1-4-title10",
  "source_dir": "models/tfidf_linear_level3_cv_c4_ngram14_title10",
  "folds": 5,
  "ipc_level_1_accuracy_mean": 0.7258370759301422,
  "ipc_level_1_accuracy_std": 0.0204288500309308,
  "ipc_level_2_accuracy_mean": 0.5817623646624145,
  "ipc_level_2_accuracy_std": 0.0232987426724696,
  "ipc_level_3_accuracy_mean": 0.4656061348958385,
  "ipc_level_3_accuracy_std": 0.0252855019069317,
  "c": 4.0,
  "ngram_min": 1,
  "ngram_max": 4,
  "title_weight": 10,
  "max_features": 200000,
  "class_weight": null
}
